TITLE,ID
Заявка от Salebot №405875662-301988723,10298
Заявка от Salebot №405877073-301990157,10300
Заявка от Salebot №405877992-301991083,10302
Заявка от Salebot №405878173-301991264,10304
Заявка от Salebot №405879040-301992138,10306
Заявка от Salebot №405881403-301994542,10308
Заявка от Salebot №405882394-301995562,10310
Заявка с сайта,10312
Заявка с сайта,10314
Заявка от Salebot №405889372-302001714,10316
Заявка с сайта,10318
Заявка от Salebot №405893088-302005554,10320
Заявка от Salebot №405894391-302006898,10322
Заявка от Salebot №405895620-302008169,10324
Заявка от Salebot №405898542-302011226,10326
Заявка от Salebot №405899652-302012376,10328
Заявка от Salebot №405900344-302013087,10330
Заявка от Salebot №405903020-302015855,10332
Заявка от Salebot №405907297-302020269,10334
Заявка от Salebot №405907470-302020445,10336
Заявка от Salebot №405913659-302026780,10338
Заявка от Salebot №405920697-302033833,10340
Заявка от Salebot №405929178-302042568,10342
Заявка от Salebot №405931302-302044795,10344
Заявка от Salebot №405934376-302047650,10346
Заявка от Salebot №405937438-302050742,10350
Заявка от Salebot №405943129-302056558,10352
Заявка от Salebot №405946328-302059779,10354
Заявка от Salebot №405953134-302066823,10356
Заявка от Salebot №405956336-302070092,10358
Заявка от Salebot №405971279-302084285,10360
Заявка от Salebot №405973575-302086609,10362
Заявка от Salebot №405982199-302093403,10364
Заявка от Salebot №405985416-302096549,10366
Заявка от Salebot №405991397-302100461,10368
Заявка от Salebot №405996258-302103728,10370
Заявка от Salebot №405997653-302105090,10372
Заявка с сайта,10374
Заявка от Salebot №406005379-302111309,10376
natalya_viktorovna___ - Линия для подключения Salebot.pro,10378
Заявка от Salebot №406016870-302123238,10380
Заявка от Salebot №406024928-302131700,10382
Заявка от Salebot №406027056-302133955,10384
Заявка от Salebot №406029350-302136367,10386
Заявка от Salebot №406035906-302142662,10388
v.shmyrko - Линия для подключения Salebot.pro,10390
Заявка от Salebot №406039554-302145572,10392
Заявка от Salebot №406040558-302146159,10394
Заявка от Salebot №406050014-302155828,10396
Заявка от Salebot №406051299-302157141,10398

# Last updated: 2024-07-18T10:42:05.300314
